{
    "data": "{\"\\u5e8f\\u53f7\":{\"0\":1,\"1\":4,\"2\":7,\"3\":8,\"4\":9,\"5\":44,\"6\":4,\"7\":10,\"8\":1,\"9\":2,\"10\":38,\"11\":1,\"12\":5,\"13\":33,\"14\":10},\"\\u4ee3\\u7801\":{\"0\":\"001300\",\"1\":\"600775\",\"2\":\"600506\",\"3\":\"002786\",\"4\":\"002584\",\"5\":\"603528\",\"6\":\"605086\",\"7\":\"603496\",\"8\":\"000056\",\"9\":\"003032\",\"10\":\"301448\",\"11\":\"601022\",\"12\":\"002988\",\"13\":\"000572\",\"14\":\"600792\"},\"\\u540d\\u79f0\":{\"0\":\"\\u4e09\\u67cf\\u7855\",\"1\":\"\\u5357\\u4eac\\u718a\\u732b\",\"2\":\"\\u7edf\\u4e00\\u80a1\\u4efd\",\"3\":\"\\u94f6\\u5b9d\\u5c71\\u65b0\",\"4\":\"\\u897f\\u9647\\u79d1\\u5b66\",\"5\":\"\\u591a\\u4f26\\u79d1\\u6280\",\"6\":\"\\u9f99\\u9ad8\\u80a1\\u4efd\",\"7\":\"\\u6052\\u4e3a\\u79d1\\u6280\",\"8\":\"\\u7687\\u5ead\\u56fd\\u9645\",\"9\":\"\\u4f20\\u667a\\u6559\\u80b2\",\"10\":\"\\u5f00\\u521b\\u7535\\u6c14\",\"11\":\"\\u5b81\\u6ce2\\u8fdc\\u6d0b\",\"12\":\"\\u8c6a\\u7f8e\\u65b0\\u6750\",\"13\":\"\\u6d77\\u9a6c\\u6c7d\\u8f66\",\"14\":\"\\u4e91\\u7164\\u80fd\\u6e90\"},\"\\u6da8\\u8dcc\\u5e45\":{\"0\":10.0154876709,\"1\":9.9778270721,\"2\":9.9726772308,\"3\":9.991809845,\"4\":10.0278549194,\"5\":10.0236778259,\"6\":9.9972381592,\"7\":10.002571106,\"8\":10.0548448563,\"9\":10.0119190216,\"10\":19.9955711365,\"11\":10.0083398819,\"12\":9.9883518219,\"13\":10.0,\"14\":9.9391479492},\"\\u6700\\u65b0\\u4ef7\":{\"0\":21.31,\"1\":14.88,\"2\":16.1,\"3\":13.43,\"4\":11.85,\"5\":13.94,\"6\":39.83,\"7\":42.78,\"8\":6.02,\"9\":18.46,\"10\":54.19,\"11\":13.19,\"12\":37.77,\"13\":5.94,\"14\":5.42},\"\\u6210\\u4ea4\\u989d\":{\"0\":217815285,\"1\":2682901408,\"2\":690342640,\"3\":1129733328,\"4\":1654536416,\"5\":1985821600,\"6\":79748383,\"7\":1836109408,\"8\":54058396,\"9\":106240438,\"10\":672699920,\"11\":85041206,\"12\":212497240,\"13\":1677169136,\"14\":500429472},\"\\u6d41\\u901a\\u5e02\\u503c\":{\"0\":1411128743.9700000286,\"1\":9996957311.5200004578,\"2\":2378080655.3000001907,\"3\":6635924160.0,\"4\":5125027782.5999994278,\"5\":8970753569.1399993896,\"6\":2037384160.0,\"7\":13698551415.5400009155,\"8\":5440447273.6599998474,\"9\":3152588462.4000000954,\"10\":1083800000.0,\"11\":1726087375.4600000381,\"12\":8786579419.1700000763,\"13\":9754402030.5600013733,\"14\":5365385912.0},\"\\u603b\\u5e02\\u503c\":{\"0\":5194864727.3400001526,\"1\":13597917296.640001297,\"2\":3091504837.4000000954,\"3\":6656069160.0,\"4\":6934814529.5999994278,\"5\":8702378444.7999992371,\"6\":5098240000.0,\"7\":13698551629.4400005341,\"8\":7284734094.3999996185,\"9\":7429180923.8400001526,\"10\":4335200000.0,\"11\":17260873596.3199996948,\"12\":8791763351.6700000763,\"13\":9769140406.0799999237,\"14\":5365385912.0},\"\\u6362\\u624b\\u7387\":{\"0\":15.4355363846,\"1\":27.816450119,\"2\":29.5787067413,\"3\":17.3787326813,\"4\":32.779586792,\"5\":24.0627784729,\"6\":3.9142537117,\"7\":13.681347847,\"8\":0.9936388135,\"9\":3.3699431419,\"10\":70.0081329346,\"11\":4.9268193245,\"12\":2.4195497036,\"13\":18.3210678101,\"14\":9.4472894669},\"\\u5c01\\u677f\\u8d44\\u91d1\":{\"0\":126937277,\"1\":52605323,\"2\":34894979,\"3\":148515655,\"4\":112871084,\"5\":43226434,\"6\":400736839,\"7\":222520170,\"8\":457553712,\"9\":433439507,\"10\":44846722,\"11\":173284944,\"12\":123172086,\"13\":36114487,\"14\":34340578},\"\\u9996\\u6b21\\u5c01\\u677f\\u65f6\\u95f4\":{\"0\":\"092500\",\"1\":\"092501\",\"2\":\"093037\",\"3\":\"093048\",\"4\":\"093109\",\"5\":\"144104\",\"6\":\"092501\",\"7\":\"093117\",\"8\":\"092500\",\"9\":\"092500\",\"10\":\"110442\",\"11\":\"092500\",\"12\":\"093012\",\"13\":\"133106\",\"14\":\"093116\"},\"\\u6700\\u540e\\u5c01\\u677f\\u65f6\\u95f4\":{\"0\":\"092500\",\"1\":\"130001\",\"2\":\"095316\",\"3\":\"093909\",\"4\":\"100700\",\"5\":\"144104\",\"6\":\"092501\",\"7\":\"093623\",\"8\":\"092500\",\"9\":\"092500\",\"10\":\"111009\",\"11\":\"092500\",\"12\":\"093012\",\"13\":\"134027\",\"14\":\"100843\"},\"\\u70b8\\u677f\\u6b21\\u6570\":{\"0\":0,\"1\":4,\"2\":5,\"3\":6,\"4\":4,\"5\":0,\"6\":0,\"7\":2,\"8\":0,\"9\":0,\"10\":3,\"11\":0,\"12\":0,\"13\":3,\"14\":11},\"\\u6da8\\u505c\\u7edf\\u8ba1\":{\"0\":\"6\\/6\",\"1\":\"4\\/4\",\"2\":\"7\\/5\",\"3\":\"13\\/7\",\"4\":\"8\\/7\",\"5\":\"11\\/6\",\"6\":\"5\\/5\",\"7\":\"6\\/4\",\"8\":\"7\\/7\",\"9\":\"3\\/3\",\"10\":\"3\\/3\",\"11\":\"4\\/4\",\"12\":\"6\\/6\",\"13\":\"3\\/3\",\"14\":\"3\\/3\"},\"\\u8fde\\u677f\\u6570\":{\"0\":6,\"1\":4,\"2\":3,\"3\":6,\"4\":3,\"5\":5,\"6\":5,\"7\":3,\"8\":7,\"9\":3,\"10\":3,\"11\":4,\"12\":6,\"13\":3,\"14\":3},\"\\u6240\\u5c5e\\u884c\\u4e1a\":{\"0\":\"\\u5bb6\\u7528\\u8f7b\\u5de5\",\"1\":\"\\u901a\\u4fe1\\u8bbe\\u5907\",\"2\":\"\\u77f3\\u6cb9\\u884c\\u4e1a\",\"3\":\"\\u4e13\\u7528\\u8bbe\\u5907\",\"4\":\"\\u7535\\u5b50\\u5316\\u5b66\",\"5\":\"\\u8f6f\\u4ef6\\u5f00\\u53d1\",\"6\":\"\\u91c7\\u6398\\u884c\\u4e1a\",\"7\":\"\\u4e92\\u8054\\u7f51\\u670d\",\"8\":\"\\u623f\\u5730\\u4ea7\\u670d\",\"9\":\"\\u6559\\u80b2\",\"10\":\"\\u901a\\u7528\\u8bbe\\u5907\",\"11\":\"\\u822a\\u8fd0\\u6e2f\\u53e3\",\"12\":\"\\u6709\\u8272\\u91d1\\u5c5e\",\"13\":\"\\u6c7d\\u8f66\\u6574\\u8f66\",\"14\":\"\\u7164\\u70ad\\u884c\\u4e1a\"},\"\\u66f2\\u7ebf\":{\"0\":[0,3,4,5,6],\"1\":[0,0,0,3,4],\"2\":[0,0,0,0,3],\"3\":[0,3,4,5,6],\"4\":[4,4,4,4,3],\"5\":[0,0,3,4,5],\"6\":[0,3,4,5,5],\"7\":[0,0,0,3,3],\"8\":[5,6,7,7,7],\"9\":[0,0,3,3,3],\"10\":[0,0,3,3,3],\"11\":[3,4,4,4,4],\"12\":[5,6,6,6,6],\"13\":[0,3,3,3,3],\"14\":[3,3,3,3,3]}}",
    "date": [
        "2023-11-13",
        "2023-11-14",
        "2023-11-15",
        "2023-11-16",
        "2023-11-17"
    ]
}